,text_corrected
0,look there my friend lightyear now all sohalikut trend play the 10 years challenge at facebook
1,the best of 10 yearchallenge in less the 4 years kudus to ji 805 pm 16 jan 2019 from mumbai india
2,sam thorne strippin follow follow saw everyone posting these 2009 vs 2019 pics so heres mine 623 pm 12 jan 2019 o 636 retweets 3 224 likes 65 636 32k
3,10 year challenge sweet dee edition
4,10 year challenge with no filter 47 hilarious 10 year challenge memes what is 10 year challenge
5,1998 dont get in car with strangers 2008 dont meet people from the alone 2019 uber order yourself a stranger from the to get into a car with alone
6,10 years challenge is lit af s b erg 1945 1955 wow such transformation
7,10 year challenge emotional edition
8,fornite died in 10 months but minecraft never died in 10 years i am so proud of this
9,facebook 10 year challenge a ploy or a simple meme mo by exo h minh le 18 jan 2018
10,probably the first man to do 10 year challenge chennai pasanga da
11,state dining room in the white house 2009 vs 2019
12,i did the facebook 10 year challenge and it was not kind to me i went 10 years into the future instead of back instant regrets
13,ifidownloada movie in jamaica memes in 2009 ami a pirate of the caribbean me picks up food from the floor in 499 sec bacteria memes in 2019 angry as fuck
14,antivaxx kids when they see someone doing the 10 year challenge
